InstrType	piano		
Description	Tempérament pythagoricien, quintes pures		
Objectif			
MIDInoteNum	règle accord	Note nom	note num
			
1	N12P4P2		
			
	# définit les notes de références en passe 1		
			
34	D-7P2P3		
41	D-7P2P3		
48	D-7P2P3		
55	D-7P2P3		
62	D-7P2P3		
69	D-7P2P3 D7P3P2	La 3/A4	49
76	D7P3P2		
83	D7P3P2		
90	D7P3P2		
97	D7P3P2		
			
	# construire la partition en passe 2 et finir l’accord à l’octave		
			
57	N12P2P1		
58	N-24P1P4		
59	N24P4P1		
60	N-12P1P2		
61	N36P8P1		
63	N-36P1P8		
64	N12P2P1		
65	N-24P1P4		
66	N24P4P1		
67	N-12P1P2		
68	N36P8P1		
			
	# étendre la partition en passe 2		
			
70	N-12P1P2		
77	N-12P1P2		
84	N-12P1P2		
91	N-12P1P2		
98	N-12P1P2		
56	N12P2P1		
49	N12P2P1		
42	N12P2P1		
35	N12P2P1		
