MIDInoteNum	note nom !2	note num !3	règle accord !29	nb voix !5	avecEtouffoir !6	déviation accord voix +-Hz !8	dureté du marteau !11	fréq coupure filtre marteau passe bas !12	stereoXSource !26	stereoYSource !27	AttackWAVfile !17	AttackWAVvolume dB !18	DecayTime !19	SustainVolume dB !20	SustainTimeT60 !21	ReleaseTimeT60 !22	ReleaseWAVfile !23	ReleaseWAVvolume dB !25	inharmonicité coef B !15	inharmonicité fréq P1 !31
Section	Instrument																			
InstrNom	Piano Marque Modèle NS taille année																			
VersionDate	V3 250618																			
InstrDescription	Historique																			
Auteur	Mr Bean																			
InstrType	piano																			
Diapason	440Hz@M69																			
GeneralMIDI	1																			
PedaleSoftVolume	-6dB																			
PedaleUnaCorda	1																			
DelaiNoteOff	0.1																			
NiveauCouplageMecanique	-33dB																			
Section	Clavier																			
1	PedaleForte	1001			1						pianoPedaleForteBas.wav	-12				0,8	pianoPedaleHaut.wav	-18		
2	PedaleUnacorda	1002			=						pianoPedaleBas.wav	-18				=	=	=		
3	PedaleSostenuto	1003			=						=	=				=	=	=		
21	La -1	1	NP8:1	1	1		5	500	-0,6	1	pianoMarteauBasse.wav	-6	3	-30	25	0,8	pianoTombeeDeMarteau+touche.wav	-18	0,000774	27,1
22	La# -1	2	=	=	=		=	508	-0,57	0,99	=	=	=	=	24,44	0,791	=	=	0,000734	28,61
23	Si -1	3	=	=	=		=	517	-0,56	0,98	=	=	=	=	24,16	0,783	=	=	0,000692	30,3
24	Do 0	4	=	=	=		=	525	-0,55	0,97	=	=	=	=	23,88	0,774	=	=	0,000651	32,14
25	Do# 0	5	=	=	=		=	533	-0,53	=	=	=	=	=	23,6	0,766	=	=	0,000618	33,97
26	Ré 0	6	=	=	=		=	542	-0,52	0,96	=	=	=	=	23,32	0,757	=	=	0,000579	36,12
27	Ré# 0	7	=	=	=		=	550	-0,5	0,95	=	=	4	=	23,04	0,748	=	=	0,000548	38,27
28	Mi 0	8	=	=	=		=	558	-0,49	=	=	=	=	=	22,76	0,74	=	=	0,000524	40,37
29	Fa 0	9	=	=	=		=	567	-0,48	0,94	=	=	=	=	22,48	0,731	=	=	0,000493	42,94
30	Fa# 0	10	=	=	=		=	575	-0,46	0,93	=	=	=	=	22,2	0,722	=	=	0,000472	45,32
31	Sol 0	11	=	=	=		=	583	-0,45	=	=	=	=	=	21,93	0,714	=	=	0,00044	48,52
32	Sol# 0	12	=	=	=		=	592	-0,44	0,92	=	=	=	=	21,65	0,705	=	=	0,00042	51,41
33	La 0	13	NP8:2	=	=		=	600	-0,42	0,91	=	=	5	=	21,37	0,697	=	=	0,00041	53,92
34	La# 0	14	=	2	=	0,1	=	608	-0,41	0,9	=	=	4,846	=	21,09	0,688	=	=	0,000383	57,82
35	Si 0	15	=	=	=	=	=	617	-0,4	=	=	=	4,769	=	20,81	0,679	=	=	0,00037	61,11
36	Do 1	16	=	=	=	=	=	625	-0,38	0,89	=	=	4,692	=	20,53	0,671	=	=	0,000353	65,09
37	Do# 1	17	=	=	=	=	=	633	-0,37	0,88	=	=	4,615	=	20,25	0,662	=	=	0,000342	68,85
38	Ré 1	18	=	=	=	=	=	642	-0,35	=	=	=	4,538	=	19,97	0,653	=	=	0,000331	72,92
39	Ré# 1	19	=	=	=	=	=	650	-0,34	0,87	=	=	4,462	=	19,69	0,645	=	=	0,00032	77,41
40	Mi 1	20	=	=	=	=	=	658	-0,33	0,86	=	=	4,385	=	19,41	0,636	=	=	0,000312	81,94
41	Fa 1	21	=	=	=	=	=	667	-0,31	=	=	=	4,308	=	19,13	0,628	=	=	0,000306	86,7
42	Fa# 1	22	=	=	=	=	=	675	-0,3	0,85	=	=	4,231	=	18,85	0,619	=	=	0,000296	92,38
43	Sol 1	23	=	=	=	=	=	683	-0,29	0,84	=	=	4,154	=	18,57	0,61	=	=	0,000293	97,5
44	Sol# 1	24	=	=	=	=	=	692	-0,27	=	=	=	4,077	=	18,29	0,602	=	=	0,000288	103,45
45	La 1	25	NP4:2	=	=	=	=	700	-0,26	0,83	=	=	4	=	18,01	0,593	=	=	0,000286	109,41
46	La# 1	26	=	=	=	=	=	708	-0,25	0,82	=	=	3,769	=	17,73	0,584	=	=	0,000285	115,72
47	Si 1	27	=	=	=	=	=	717	-0,23	=	=	=	3,654	=	17,45	0,576	=	=	0,000281	123,23
48	Do 2	28	=	=	=	=	=	725	-0,22	0,81	=	=	3,538	=	17,17	0,567	=	=	0,000283	129,91
49	Do# 2	29	=	=	=	=	=	733	-0,2	0,8	=	=	3,423	=	16,89	0,559	=	=	0,000282	137,97
50	Ré 2	30	=	=	=	=	=	742	-0,19	=	=	=	3,308	=	16,61	0,55	=	=	0,000286	145,75
51	Ré# 2	31	=	3	=	=	=	750	-0,18	0,79	=	=	3,192	=	16,33	0,541	=	=	0,000287	154,72
52	Mi 2	32	=	=	=	=	=	758	-0,16	0,78	=	=	3,077	=	16,05	0,533	=	=	0,00029	164,25
53	Fa 2	33	=	=	=	=	=	767	-0,15	0,77	=	=	2,962	=	15,78	0,524	=	=	0,000294	174,13
54	Fa# 2	34	=	=	=	=	=	775	-0,14	=	=	=	2,846	=	15,5	0,516	=	=	0,000301	184,2
55	Sol 2	35	=	=	=	=	=	783	-0,12	0,76	=	=	2,731	=	15,22	0,507	=	=	0,000308	195,19
56	Sol# 2	36	=	=	=	=	=	792	-0,11	0,75	=	=	2,615	=	14,94	0,498	=	=	0,000315	207,09
57	La 2	37	*	=	=	=	=	800	-0,1	=	=	=	2,5	=	14,66	0,49	=	=	0,000325	219,45
58	La# 2	38	=	=	=	=	=	808	-0,08	0,74	=	=	2,346	=	14,38	0,481	=	=	0,000336	232,27
59	Si 2	39	=	=	=	=	=	817	-0,07	0,73	=	=	2,269	=	14,1	0,472	=	=	0,00035	245,64
60	Do 3	40	=	=	=	=	=	825	-0,05	=	=	=	2,192	=	13,82	0,464	=	=	0,000364	260,38
61	Do# 3	41	=	=	=	=	=	833	-0,04	0,72	=	=	2,115	=	13,54	0,455	=	=	0,00038	276,21
62	Ré 3	42	=	=	=	=	=	842	-0,03	0,71	=	=	2,038	=	13,26	0,447	=	=	0,000398	292,88
63	Ré# 3	43	=	=	=	=	=	850	-0,01	=	=	=	1,962	=	12,98	0,438	=	=	0,000419	310,09
64	Mi 3	44	=	=	=	=	=	858		0,7	=	=	1,885	=	12,7	0,429	=	=	0,000441	328,67
65	Fa 3	45	=	=	=	=	=	867	0,01	0,69	=	=	1,808	=	12,42	0,421	=	=	0,000468	347,99
66	Fa# 3	46	=	=	=	=	=	875	0,03	=	=	=	1,731	=	12,14	0,412	=	=	0,000497	368,77
67	Sol 3	47	=	=	=	=	=	883	0,04	0,68	=	=	1,654	=	11,86	0,403	=	=	0,000528	391,2
68	Sol# 3	48	=	=	=	=	=	892	0,05	0,67	=	=	1,577	=	11,58	0,395	=	=	0,000563	414,64
69	La 3	49	T-P4:2	=	=	=	=	900	0,07	=	=	=	1,5	=	11,3	0,386	=	=	0,000603	439,54
70	La# 3	50	N-P2:1	=	=	=	=	908	0,08	0,66	=	=	1,423	=	11,02	0,378	=	=	0,000647	465,91
71	Si 3	51	=	=	=	=	=	917	0,1	0,65	=	=	1,385	=	10,74	0,369	=	=	0,000697	493,56
72	Do 4	52	=	=	=	=	=	925	0,11	=	=	=	1	=	10,46	0,36	=	=	0,000752	522,95
73	Do# 4	53	=	=	=	=	=	933	0,12	0,64	=	=	1,308	=	10,18	0,352	=	=	0,000818	552,98
74	Ré 4	54	=	=	=	=	=	942	0,14	0,63	=	=	1,269	=	9,9	0,343	=	=	0,000887	586,12
75	Ré# 4	55	=	=	=	=	=	950	0,15	=	=	=	1,231	=	9,63	0,334	=	=	0,000964	621,09
76	Mi 4	56	=	=	=	=	=	958	0,16	0,62	=	=	1,192	=	9,35	0,326	=	=	0,001052	657,9
77	Fa 4	57	=	=	=	=	=	967	0,18	0,61	=	=	1,154	=	9,07	0,317	=	=	0,001146	697,72
78	Fa# 4	58	=	=	=	=	=	975	0,19	0,6	=	=	1,115	=	8,79	0,309	=	=	0,001254	739,47
79	Sol 4	59	=	=	=	=	=	983	0,2	=	=	=	1,077	=	8,51	0,3	=	=	0,001384	780,58
80	Sol# 4	60	=	=	=	=	=	992	0,22	0,59	=	=	1,038	=	8,23	0,291	=	=	0,001508	830,2
81	La 4	61	=	=	=	=	=	1000	0,23	0,58	pianoMarteauAigue.wav	-12	1	=	7,95	0,283	=	=	0,00166	879,09
82	La# 4	62	N-P4:1	=	=	=	=	1026	0,25	=	=	=	0,877	=	7,67	0,274	=	=	0,001837	928,99
83	Si 4	63	=	=	=	=	=	1087	0,26	0,57	=	=	0,815	=	7,39	0,266	=	=	0,002018	985,93
84	Do 5	64	=	=	=	=	=	1151	0,27	0,56	=	=	0,754	=	7,11	0,257	=	=	0,00222	1045,99
85	Do# 5	65	=	=	=	=	=	1220	0,29	=	=	=	0,692	=	6,83	0,248	=	=	0,002445	1109,53
86	Ré 5	66	=	=	=	=	=	1292	0,3	0,55	=	=	0,631	=	6,55	0,24	=	=	0,002706	1174,35
87	Ré# 5	67	=	=	=	=	=	1369	0,31	0,54	=	=	0,569	=	6,27	0,231	=	=	0,002984	1245,39
88	Mi 5	68	=	=	=	=	=	1450	0,33	=	=	=	0,508	=	5,99	0,222	=	=	0,00331	1317,08
89	Fa 5	69	=	=		=	=	1537	0,34	0,53	=	=	0,446	=	5,71	0,214	=	=	0,003649	1397,09
90	Fa# 5	70	=	=		=	=	1628	0,35	0,52	=	=	0,385	=	5,43	0,205	=	=	0,004038	1479,13
91	Sol 5	71	=	=		=	=	1725	0,37	=	=	=	0,323	=	5,15	0,197	=	=	0,004446	1569,49
92	Sol# 5	72	=	=		=	=	1827	0,38	0,51	=	=	0,262	=	4,87	0,188	=	=	0,004883	1666,9
93	La 5	73	=	=		=	=	1936	0,4	0,5	=	=	0,2	=	4,59	0,179	=	=	0,005437	1757,54
94	La# 5	74	N-P2:1	=		=	=	2051	0,41	=	=	=	0,185	=	4,31	0,171	=	=	0,005933	1870,79
95	Si 5	75	=	=		=	=	2173	0,42	0,49	=	=	0,177	=	4,03	0,162	=	=	0,006603	1970,49
96	Do 6	76	=	=		=	=	2302	0,44	0,48	=	=	0,169	=	3,75	0,153	=	=	0,007218	2092,53
97	Do# 6	77	=	=		=	=	2439	0,45	0,47	=	=	0,162	=	3,48	0,145	=	=	0,007968	2209,35
98	Ré 6	78	=	=		=	=	2584	0,46	=	=	=	0,154	=	3,2	0,136	=	=	0,008596	2357,12
99	Ré# 6	79	=	=		=	=	2738	0,48	0,46	=	=	0,146	=	2,92	0,128	=	=	0,00938	2497,56
100	Mi 6	80	=	=		=	=	2901	0,49	0,45	=	=	0,138	=	2,64	0,119	=	=	0,010154	2653,38
101	Fa 6	81	=	=		=	=	3073	0,5	=	=	=	0,131	=	2,36	0,11	=	=	0,010951	2820,19
102	Fa# 6	82	=	=		=	=	3256	0,52	0,44	=	=	0,123	=	2,08	0,102	=	=	0,011914	2979,58
103	Sol 6	83	=	=		=	=	3450	0,53	0,43	=	=	0,115	=	1,8	0,093	=	=	0,012812	3160,95
104	Sol# 6	84	=	=		=	=	3655	0,55	=	=	=	0,108	=	1,52	0,084	=	=	0,013754	3349,91
105	La 6	85	=	=		=	=	3872	0,56	0,42	=	=	0,1	=	1,24	0,076	=	=	0,014814	3537,32
106	La# 6	86	=	=		=	=	4102	0,57	0,41	=	=	=	=	0,96	0,067	=	=	0,015825	3742,31
107	Si 6	87	=	=		=	=	4346	0,59	=	=	=	=	=	0,68	0,059	=	=	0,016722	3971,56
108	Do 7	88	=	=		=	=	4605	0,6	0,4	=	=	=	=	0,4	0,05	=	=	0,017494	4225,43
