MIDInoteNum	note nom !2	note num !3	règle accord !29	nb voix !5	avecEtouffoir !6
Section	Instrument				
InstrNom	Type Brand Model SN size year				
VersionDate	V3 250618				
InstrDescription	History				
Auteur	Mr Bean				
InstrType	?				
Diapason	440Hz@M69				
GeneralMIDI	1				
PedaleSoftVolume	-6dB				
PedaleUnaCorda	0				
DelaiNoteOff	0.1				
Section	Clavier				
1	PedaleForte	1001			1
2	PedaleUnacorda	1002			=
3	PedaleSostenuto	1003			=
21	A0	1	NP2:1	1	1
22	A#0	2	=	=	=
23	B0	3	=	=	=
24	C1	4	=	=	=
25	C#1	5	=	=	=
26	D1	6	=	=	=
27	D#1	7	=	=	=
28	E1	8	=	=	=
29	F1	9	=	=	=
30	F#1	10	=	=	=
31	G1	11	=	=	=
32	G#1	12	=	=	=
33	A1	13	=	=	=
34	A#1	14	=	=	=
35	B1	15	=	=	=
36	C2	16	=	=	=
37	C#2	17	=	=	=
38	D2	18	=	=	=
39	D#2	19	=	=	=
40	E2	20	=	=	=
41	F2	21	=	=	=
42	F#2	22	=	=	=
43	G2	23	=	=	=
44	G#2	24	=	=	=
45	A2	25	=	=	=
46	A#2	26	=	=	=
47	B2	27	=	=	=
48	C3	28	=	=	=
49	C#3	29	=	=	=
50	D3	30	=	=	=
51	D#3	31	=	=	=
52	E3	32	=	=	=
53	F3	33	=	=	=
54	F#3	34	=	=	=
55	G3	35	=	=	=
56	G#3	36	=	=	=
57	A3	37	=	=	=
58	A#3	38	=	=	=
59	B3	39	=	=	=
60	C4	40	=	=	=
61	C#4	41	=	=	=
62	D4	42	=	=	=
63	D#4	43	=	=	=
64	E4	44	=	=	=
65	F4	45	=	=	=
66	F#4	46	=	=	=
67	G4	47	=	=	=
68	G#4	48	=	=	=
69	A4	49	T-P2:1	=	=
70	A#4	50	N-P2:1	=	=
71	B4	51	=	=	=
72	C5	52	=	=	=
73	C#5	53	=	=	=
74	D5	54	=	=	=
75	D#5	55	=	=	=
76	E5	56	=	=	=
77	F5	57	=	=	=
78	F#5	58	=	=	=
79	G5	59	=	=	=
80	G#5	60	=	=	=
81	A5	61	=	=	=
82	A#5	62	=	=	=
83	B5	63	=	=	=
84	C6	64	=	=	=
85	C#6	65	=	=	=
86	D6	66	=	=	=
87	D#6	67	=	=	=
88	E6	68	=	=	=
89	F6	69	=	=	=
90	F#6	70	=	=	=
91	G6	71	=	=	=
92	G#6	72	=	=	=
93	A6	73	=	=	=
94	A#6	74	=	=	=
95	B6	75	=	=	=
96	C7	76	=	=	=
97	C#7	77	=	=	=
98	D7	78	=	=	=
99	D#7	79	=	=	=
100	E7	80	=	=	=
101	F7	81	=	=	=
102	F#7	82	=	=	=
103	G7	83	=	=	=
104	G#7	84	=	=	=
105	A7	85	=	=	=
106	A#7	86	=	=	=
107	B7	87	=	=	=
108	C8	88	=	=	=
